{

  "title": "",
  "description": "",
  "variables": {
    "employeeListSDP": {
      "type": "vb/ServiceDataProvider",
      "defaultValue": {
        "endpoint": "businessObjects/getall_Employee",
        "idAttribute": "id",
        "itemsPath": "items",
        "responseType": "page:getallEmployeeResponse"
      }
    }
  },
  "metadata": {},
  "types": {
    "getallEmployeeResponse": {
      "items": [{
        "email": "string",
        "firstName": "string",
        "id": "number",
        "lastName": "string",
        "salary": "number",
        "phoneNumber":"string"
      }]
    },
    "@decorators.getallEmployeeResponse": {
      "endpoint": "getall_Employee",
      "service": "businessObjects",
      "path": "response"
    }
  },
  "chains": {},
  "eventListeners": {},
  "imports": {
    "components": {
      "oj-list-view": {
        "path": "ojs/ojlistview"
      },
      "oj-input-number": {
        "path": "ojs/ojinputnumber"
      },
      "oj-avatar": {
        "path": "ojs/ojavatar"
      }
    },
    "modules": {
      "ojValidationNumber": {
        "path": "ojs/ojvalidation-number"
      }
    }
  }
}