{

  "title": "",
  "description": "",
  "variables": {
    "employeeListSDP": {
      "type": "vb/ServiceDataProvider",
      "defaultValue": {
        "endpoint": "businessObjects/getall_Employee",
        "idAttribute": "id",
        "itemsPath": "items",
        "responseType": "page:getallEmployeeResponse"
      }
    }
  },
  "metadata": {},
  "types": {
    "getallEmployeeResponse": {
      "items": [
        {
          "firstName": "string",
          "id": "number",
          "lastName": "string"
        }
      ]
    },
    "@decorators.getallEmployeeResponse": {
      "endpoint": "getall_Employee",
      "service": "businessObjects",
      "path": "response"
    }
  },
  "chains": {
    "FilterActionChain": {
      "description": "",
      "variables": {
        "detail": {
          "required": true,
          "type": "any",
          "input": "fromCaller"
        }
      },
      "root": "setQuery",
      "actions": {
        "setQuery": {
          "module": "vb/action/builtin/assignVariablesAction",
          "parameters": {
            "$page.variables.employeeListSDP": {
              "source": {
                "filterCriterion": {
                  "op": "$eq",
                  "attribute": "firstName",
                  "value": "Nonexistent"
                }
              },
              "reset": "none",
              "auto": "always"
            }
          }
        }
      }
    },
    "onRefreshQuery": {
      "description": "",
      "root": "resetVariablesEmployeeListSDP",
      "actions": {
        "resetVariablesEmployeeListSDP": {
          "module": "vb/action/builtin/resetVariablesAction",
          "parameters": {
            "variables": [
              "$page.variables.employeeListSDP"
            ]
          },
          "outcomes": {
            "success": "fireDataProviderEventEmployeeListSDP"
          }
        },
        "fireDataProviderEventEmployeeListSDP": {
          "module": "vb/action/builtin/fireDataProviderEventAction",
          "parameters": {
            "refresh": null,
            "target": "[[ $page.variables.employeeListSDP ]]"
          }
        }
      },
      "variables": {
        "key": {
          "required": true,
          "type": "any",
          "input": "fromCaller"
        },
        "index": {
          "required": true,
          "type": "number",
          "input": "fromCaller"
        },
        "current": {
          "required": true,
          "type": "any",
          "input": "fromCaller"
        }
      }
    }
  },
  "eventListeners": {
    "filterButtonOjAction": {
      "chains": [
        {
          "chainId": "FilterActionChain",
          "parameters": {
            "detail": "{{ $event.detail }}"
          }
        }
      ]
    },
    "ojButtonOjAction": {
      "chains": [
        {
          "chainId": "onRefreshQuery",
          "parameters": {
            "key": "{{ $current.key }}",
            "index": "{{ $current.index }}",
            "current": "{{ $current }}"
          }
        }
      ]
    }
  },
  "imports": {
    "components": {
      "oj-table": {
        "path": "ojs/ojtable"
      },
      "oj-button": {
        "path": "ojs/ojbutton"
      }
    }
  }
}