{

  "title": "",
  "description": "",
  "variables": {
    "employeeListSDP": {
      "type": "vb/ServiceDataProvider",
      "defaultValue": {
        "endpoint": "businessObjects/getall_Employee",
        "keyAttributes": "id",
        "itemsPath": "items",
        "responseType": "page:getallEmployeeResponse"
      }
    },
    "languageOptions": {
      "type": "object[]",
      "defaultValue": [
        {
          "value": "en",
          "label": "English"
        },
        {
          "value": "fr",
          "label": "French"
        }
      ]
    },
    "languageOptionsADP": {
      "type": "vb/ArrayDataProvider2",
      "defaultValue": {
        "data": "{{ $variables.languageOptions }}",
        "keyAttributes": "value",
        "textFilterAttributes": [
          "label"
        ]
      }
    },
    "selectedLocale": {
      "type": "any"
    }

  },
  "metadata": {},
  "types": {
    "@decorators.getallEmployeeResponse": {
      "endpoint": "getall_Employee",
      "service": "businessObjects",
      "path": "response"
    },
    "getallEmployeeResponse": {
      "items": [
        {
          "email": "string",
          "firstName": "string",
          "hireDate": "string",
          "id": "number",
          "lastName": "string",
          "phoneNumber": "string",
          "salary": "number"
        }
      ]
    }
  },
  "chains": {
    "SelectSingleValueChangeChain": {
      "description": "",
      "root": "callModuleFunction1",
      "actions": {
        "callModuleFunction1": {
          "module": "vb/action/builtin/callModuleFunctionAction",
          "parameters": {
            "module": "[[ $functions ]]",
            "functionName": "setAppLanguage",
            "params": [
              "{{ $page.variables.selectedLocale }}"
            ]
          },
          "outcomes": {
            "success": "openUrl1"
          }
        },
        "openUrl1": {
          "module": "vb/action/builtin/openUrlAction",
          "parameters": {
            "url": "index.html?page=shell&shell=language-switcher&language-switcher=language-switcher-start&language-switcher-start=recipe"
          }
        }
      },
      "variables": {
        "value": {
          "required": true,
          "type": "any",
          "input": "fromCaller"
        }
      }
    }
  },
  "eventListeners": {
    "ojSelectSingleValue": {
      "chains": [
        {
          "chainId": "SelectSingleValueChangeChain",
          "parameters": {
            "value": "{{ $event.detail.value }}"
          }
        }
      ]
    }
  },
  "imports": {
    "components": {
      "oj-select-single": {
        "path": "ojs/ojselectsingle"
      },
      "oj-table": {
        "path": "ojs/ojtable"
      }
    }
  },
  "routerFlow": ""
}